player_id,player_slug,player_name,player_image_url,name_in_home_country,date_of_birth,place_of_birth,country_of_birth,height,citizenship,is_eu,position,main_position,foot,current_club_id,current_club_name,joined,contract_expires,outfitter,social_media_url,player_agent_id,player_agent_name,contract_option,date_of_last_contract_extension,on_loan_from_club_id,on_loan_from_club_name,contract_there_expires,second_club_url,second_club_name,third_club_url,third_club_name,fourth_club_url,fourth_club_name,date_of_death;;;;;;;
1,silvio-adzic,Silvio Adzic (1),https://img.a.transfermarkt.technology/portrait/header/1-1465832419.jpg,,1980-09-23,Grünstadt,Germany,0.0,Germany,True,Attack - Right Winger,Attack,N/A,123,Retired,2017-07-01,,,,,,,,,,,,,,,,,;;;;;;;
100011,everton-silva,Éverton Silva (100011),https://img.a.transfermarkt.technology/portrait/header/s_100011_15172_2010_1.jpg,Éverton José Modesto da Silva,1988-08-04,São João de Meriti,Brazil,171.0,Brazil,False,Defender - Right-Back,Defender,right,515,Without Club,2025-03-01,,,,8373,RN Sports,,,,,,,,,,,,;;;;;;;
10,miroslav-klose,Miroslav Klose (10),https://img.a.transfermarkt.technology/portrait/header/10-1448468291.jpg,Miroslav Josef Klose,1978-06-09,Opole,Germany,184.0,Germany,True,Attack - Centre-Forward,Attack,right,123,Retired,2016-07-01,,,http://miroslavklose.de/,1126,ASBW Sport Marketing,,,,,,,,,,,,;;;;;;;
10001,john-thompson,John Thompson (10001),https://img.a.transfermarkt.technology/portrait/header/default.jpg,John Paul Thompson,1981-10-12,Dublin,Ireland,183.0,Ireland,True,Defender - Right-Back,Defender,both,123,Retired,2013-07-01,,,,,,,,,,,,,,,,,;;;;;;;
100001,carlos-auzqui,Carlos Auzqui (100001),https://img.a.transfermarkt.technology/portrait/header/100001-1604497657.jpg,Carlos Daniel Auzqui,1991-03-16,Longchamps,Argentina,180.0,Argentina,False,Attack - Right Winger,Attack,right,14554,Club Atlético Tucumán,2025-01-30,2025-12-31,,http://www.instagram.com/auzqui91/,5240,OLLER GROUP,,,,,,,,,,,,;;;;;;;
1000152,sodick-adejumo,Sodick Adejumo (1000152),https://img.a.transfermarkt.technology/portrait/header/default.jpg,,2004-01-08,Saint-Denis,France,198.0,France  Nigeria,True,Midfield - Defensive Midfield,Midfield,right,75,Unknown,2024-12-07,,,,1406,YOU FIRST,,,,,,,,,,,,;;;;;;;
1000153,matheo-sanchez,Matheo Sánchez (1000153),https://img.a.transfermarkt.technology/portrait/header/default.jpg,Matheo Manuel André Sánchez,2003-03-13,Belfort,France,186.0,France,True,Attack - Left Winger,Attack,right,42457,Club Atlético Antoniano,2025-07-11,2026-06-30,,,,,,,,,,,,,,,,;;;;;;;
10002,brian-cash,Brian Cash (10002),https://img.a.transfermarkt.technology/portrait/header/s_10002_9212_2010_1.jpg,,1982-11-24,Dublin,Ireland,175.0,Ireland,True,Midfield - Right Midfield,Midfield,right,123,Retired,2011-07-01,,,,,,,,,,,,,,,,,;;;;;;;
"100020,sergiy-zagynaylov,Sergiy Zagynaylov (100020),https://img.a.transfermarkt.technology/portrait/header/100020-1699012298.png,Загинайлов Сергій Геннадійович,1991-01-03,""Brovary, Kyiv Oblast"",Ukraine,181.0,Ukraine,False,Attack - Centre-Forward,Attack,left,111355,1.FC Höllental,2023-07-01,,,,,,,,,,,,,,,,,";;;;;;;
1000161,lenny-stoltz,Lenny Stoltz (1000161),https://img.a.transfermarkt.technology/portrait/header/1000161-1670845602.jpg,Lenny Stoltz Kachouri,2000-06-13,Wissembourg,France,182.0,France  Tunisia,True,Attack - Centre-Forward,Attack,left,21274,US Mondorf-Les-Bains,2025-07-29,2028-06-30,,,2759,BESTWAY SOCCER ...,,,,,,,,,,,,;;;;;;;
1000253,facundo-canete,Facundo Canete (1000253),https://img.a.transfermarkt.technology/portrait/header/default.jpg,,2000-02-22,,,0.0,United States  Argentina,False,Midfield - Attacking Midfield,Midfield,right,103657,Carolina Core FC,2024-01-12,2025-12-31,,,4076,Prodigy Players,,,,,,,,,,,,;;;;;;;
"1000274,brian-romero,Brian Romero (1000274),https://img.a.transfermarkt.technology/portrait/header/1000274-1709368092.jpg,Brian Carmona Romero,2006-05-11,""Concord, North Carolina"",United States,0.0,United States  Mexico,False,Attack - Right Winger,Attack,,78435,Charlotte FC,2022-08-03,2026-12-31,,,7675,EL C1EL0,club option 1 year,,,,,,,,,,,";;;;;;;
1000273,nimfasha-berchimas,Nimfasha Berchimas (1000273),https://img.a.transfermarkt.technology/portrait/header/1000273-1740509304.jpg,,2008-02-22,,,172.0,United States  Burundi,False,Attack - Left Winger,Attack,right,78435,Charlotte FC,2022-11-17,2026-12-31,,http://www.instagram.com/0fficial_nimfa/,,Agent is known - Player under 18,club option 1 year,,,,,,,,,,,;;;;;;;
1000148,malcolm-rangon,Malcolm Rangon (1000148),https://img.a.transfermarkt.technology/portrait/header/default.jpg,,2004-02-21,Lyon,France,185.0,France  Martinique,True,Defender - Centre-Back,Defender,right,9881,Jura Sud Foot,2025-07-06,,,http://www.instagram.com/malcolm_rgn/,,,,,,,,,,,,,,;;;;;;;
1000150,mauricio-goncalves-da-moura,Mauricio Gonçalves da Moura (1000150),https://img.a.transfermarkt.technology/portrait/header/1000150-1755524089.jpg,Tefan Mauricio Gonçalves da Moura,2004-06-20,,,178.0,Cape Verde  France,True,Defender - Right-Back,Defender,right,20518,US Chantilly,2025-07-01,,,,10510,DK SPORT CONSEIL,,,,,,,,,,,,;;;;;;;
1000135,joselu-perez,Joselu Pérez (1000135),https://img.a.transfermarkt.technology/portrait/header/default.jpg,José Luis Pérez del Amo,2004-03-12,Villalbilla,Spain,183.0,Spain,True,Attack - Centre-Forward,Attack,right,8510,Getafe CF B,2025-07-04,2027-06-30,,,13067,GR Soccer,,,,,,,,,,,,;;;;;;;
1000284,jed-drew,Jed Drew (1000284),https://img.a.transfermarkt.technology/portrait/header/1000284-1707822625.jpg,Jed Francis Drew,2003-08-29,Canberra,Australia,176.0,Australia,False,Attack - Right Winger,Attack,right,4467,TSV Hartberg,2025-02-02,2028-06-30,,http://www.instagram.com/jeddrew__/,4782,Calibre Management,,,,,,,,,,,,;;;;;;;
10003,wes-morgan,Wes Morgan (10003),https://img.a.transfermarkt.technology/portrait/header/10003-1405438663.jpg,Westley Nathan Morgan,1984-01-21,Nottingham,Jamaica,185.0,Jamaica  England,True,Defender - Centre-Back,Defender,right,123,Retired,2021-07-01,,Nike,http://twitter.com/Wes5L1nk,,,,,,,,,,,,,,;;;;;;;
1000146,elie-kayembe,Elie Kayembe (1000146),https://img.a.transfermarkt.technology/portrait/header/default.jpg,Elie Kayembe Tete,2005-03-25,Alfortville,France,176.0,France  DR Congo,True,Midfield - Defensive Midfield,Midfield,left,515,Without Club,2025-07-01,,,,11998,LIMITLESS COMPANY,,,,,,,,,,,,;;;;;;;
100012,liridon-osmanaj,Liridon Osmanaj (100012),https://img.a.transfermarkt.technology/portrait/header/100012-1416580255.jpg,,1992-01-04,Maribor,Slovenia,177.0,Slovenia  Albania,True,Attack - Centre-Forward,Attack,left,123,Retired,2022-07-01,,,,,,,,,,,,,,,,,;;;;;;;
"1000301,ethan-kohler,Ethan Kohler (1000301),https://img.a.transfermarkt.technology/portrait/header/1000301-1752744465.jpg,Ethan David Kohler,2005-05-20,""Campbell, California"",United States,183.0,United States,False,Defender - Centre-Back,Defender,,93,SC Verl,2025-07-01,2026-06-30,,http://www.instagram.com/ethan_kohler05/,440,Wasserman,,,87,SV Werder Bremen II,2027-06-30,,,,,,,";;;;;;;
"1000306,ian-shaul,Ian Shaul (1000306),https://img.a.transfermarkt.technology/portrait/header/1000306-1713107394.jpg,,2006-02-01,""Saint Paul, Minnesota"",United States,173.0,United States,False,Midfield - Central Midfield,Midfield,,9778,Notre Dame Fighting Irish (Uni. of Notre Dame),2024-08-01,,,,,,,,,,,,,,,,,";;;;;;;
1000307,michael-dunne,Michael Dunne (1000307),https://img.a.transfermarkt.technology/portrait/header/default.jpg,,2006-06-20,,,0.0,United States,False,Defender - Centre-Back,Defender,,594,Portland Pilots (University of Portland),2025-08-01,,,,,,,,,,,,,,,,,;;;;;;;
10005,paul-scott,Paul Scott (10005),https://img.a.transfermarkt.technology/portrait/header/default.jpg,,1979-11-05,London,England,180.0,England,True,Defender - Right-Back,Defender,right,123,Retired,2012-05-01,,,,,,,,,,,,,,,,,;;;;;;;
1000355,killian-prouchet,Killian Prouchet (1000355),https://img.a.transfermarkt.technology/portrait/header/default.jpg,,2005-01-23,Tournan-en-Brie,France,185.0,France,True,Defender - Right-Back,Defender,right,515,Without Club,2025-07-01,,,,,,,,,,,,,,,,,;;;;;;;
1000356,melvin-borne,Melvin Borne (1000356),https://img.a.transfermarkt.technology/portrait/header/default.jpg,,2005-07-20,,,179.0,France  Martinique,True,Defender - Left-Back,Defender,left,1564,FC Rouen 1899,2025-07-30,,,,9987,Soccer Connect,,,,,,,,,,,,;;;;;;;
1000312,alexis-moreno,Alexis Moreno (1000312),https://img.a.transfermarkt.technology/portrait/header/default.jpg,,2005-07-14,,,0.0,United States  Mexico,False,Midfield - Central Midfield,Midfield,,46719,Portland Timbers 2,2024-01-11,2025-12-31,,,4447,PRO FC,club option 1 year,,,,,,,,,,,;;;;;;;
1000308,adolfo-enriquez,Adolfo Enriquez (1000308),https://img.a.transfermarkt.technology/portrait/header/default.jpg,,2006-04-16,,,175.0,United States  Mexico,False,Midfield - Central Midfield,Midfield,right,46719,Portland Timbers 2,2024-01-10,2025-12-31,,,8583,JOGA SG,club option 1 year,,,,,,,,,,,;;;;;;;
10006,garcia-calvo,García Calvo (10006),https://img.a.transfermarkt.technology/portrait/header/default.jpg,José Antonio García Calvo,1975-04-01,Madrid,Spain,185.0,Spain,True,Defender - Centre-Back,Defender,right,123,Retired,2009-07-01,,,,,,,,,,,,,,,,,;;;;;;;
100069,sebastien-caleiras,Sébastien Caleiras (100069),https://img.a.transfermarkt.technology/portrait/header/default.jpg,,1984-05-28,Juvisy-sur-Orge,France,181.0,France,True,Goalkeeper,Goalkeeper,,82431,Entente Roche/Novillars,2018-07-01,,,,,,,,,,,,,,,,,;;;;;;;
1000309,sean-mcdowd,Sean McDowd (1000309),https://img.a.transfermarkt.technology/portrait/header/default.jpg,,2004-05-06,,,183.0,United States,False,Defender - Centre-Back,Defender,,9778,Notre Dame Fighting Irish (Uni. of Notre Dame),2023-08-01,,,,,,,,,,,,,,,,,;;;;;;;
1000675,alejo-sarco,Alejo Sarco (1000675),https://img.a.transfermarkt.technology/portrait/header/1000675-1681413576.jpg,Alejo Uriel Sarco Castro,2006-01-06,Alberti,Argentina,179.0,Argentina  Italy,True,Attack - Centre-Forward,Attack,left,15,Bayer 04 Leverkusen,2025-01-02,2029-06-30,,http://www.instagram.com/alesarco_/,6670,Hernan Berman,,,,,,,,,,,,;;;;;;;
100073,cedric-janvier,Cédric Janvier (100073),https://img.a.transfermarkt.technology/portrait/header/default.jpg,,1985-02-14,,,0.0,France,True,Defender,Defender,,123,Retired,,,,,,,,,,,,,,,,,,;;;;;;;
1000674,gianluca-prestianni,Gianluca Prestianni (1000674),https://img.a.transfermarkt.technology/portrait/header/1000674-1750852935.jpg,Gianluca Prestianni Gross,2006-01-31,Ciudadela,Argentina,166.0,Argentina  Italy,True,Attack - Right Winger,Attack,right,294,SL Benfica,2024-01-31,2029-06-30,,http://www.instagram.com/gianlucaa_11/,11971,Doble G,,,,,,,,,,,,;;;;;;;
100071,mourad-el-othmani,Mourad El-Othmani (100071),https://img.a.transfermarkt.technology/portrait/header/default.jpg,,1975-10-20,,,178.0,Morocco,False,Defender - Right-Back,Defender,,123,Retired,2012-07-01,,,,,,,,,,,,,,,,,;;;;;;;
100075,heritier-lunda,Héritier Lunda (100075),https://img.a.transfermarkt.technology/portrait/header/default.jpg,,1980-05-14,,,0.0,France  DR Congo,True,Defender,Defender,,75,Unknown,2013-07-01,,,,,,,,,,,,,,,,,;;;;;;;
1000693,fausto-salicioni,Fausto Salicioni (1000693),https://img.a.transfermarkt.technology/portrait/header/default.jpg,Fausto Marino Salicioni Ortiz,2006-01-20,Viedma,San Marino,0.0,San Marino  Argentina,True,Attack - Centre-Forward,Attack,,27354,Virtus Entella Primavera,2025-02-26,,,,,,,,,,,,,,,,,;;;;;;;
1000774,parker-smith,Parker Smith (1000774),https://img.a.transfermarkt.technology/portrait/header/1000774-1651268491.jpg,,2000-12-31,,,0.0,United States,False,Goalkeeper,Goalkeeper,,123,Retired,2022-12-01,,,,,,,,,,,,,,,,,;;;;;;;
1000714,julian-bravo,Julian Bravo (1000714),https://img.a.transfermarkt.technology/portrait/header/default.jpg,,2000-09-30,,,0.0,United States,False,Defender - Centre-Back,Defender,,69044,Oakland Roots SC,2025-02-20,2025-11-30,,,5614,PROMOFUT,,,,,,,,,,,,;;;;;;;
100072,hakim-guettou,Hakim Guettou (100072),https://img.a.transfermarkt.technology/portrait/header/default.jpg,,1982-01-01,,,0.0,France,True,Defender,Defender,,75,Unknown,2019-07-01,,,,,,,,,,,,,,,,,;;;;;;;
"1000777,mitsuki-hidaka,Mitsuki Hidaka (1000777),https://img.a.transfermarkt.technology/portrait/header/default.jpg,日髙 光揮,2003-05-11,""Sakai, Osaka"",Japan,176.0,Japan,False,Midfield - Central Midfield,Midfield,,3958,Vissel Kobe,2022-04-01,2026-01-31,,,6613,Sports&Life,,,,,,,,,,,,";;;;;;;
1000775,alexandre-cox-ashwood,Alexandre Cox-Ashwood (1000775),https://img.a.transfermarkt.technology/portrait/header/1000775-1684615656.jpg,,1998-04-05,,,185.0,France,True,Attack - Centre-Forward,Attack,right,33344,FC Résidence Walferdange,2025-07-01,,,,,,,,,,,,,,,,,;;;;;;;
10008,andy-reid,Andy Reid (10008),https://img.a.transfermarkt.technology/portrait/header/s_10008_289_2009_1.jpg,Andrew Matthew Reid,1982-07-29,Dublin,Ireland,170.0,Ireland,True,Midfield - Left Midfield,Midfield,left,123,Retired,2016-07-29,,,,,,,,,,,,,,,,,;;;;;;;
100091,marquinhos-gabriel,Marquinhos Gabriel (100091),https://img.a.transfermarkt.technology/portrait/header/100091-1580198853.jpg,Marcos Gabriel do Nascimento,1990-07-21,Selbach,Brazil,174.0,Brazil,False,Midfield - Attacking Midfield,Midfield,left,2035,Avaí FC,2025-01-02,2025-11-30,,http://www.instagram.com/marquinhosgabriel20/,11236,ENE Agency,,,,,,,,,,,,;;;;;;;
100079,abdallah-rkiki,,https://img.a.transfermarkt.technology/portrait/header/default.jpg,عبد الله الرقيقي,1986-05-30,Melun,Morocco,182.0,Morocco  France,True,Midfield,Midfield,right,123,Retired,2023-07-01,,,,,,,,,,,,,,,,,;;;;;;;
100090,wagner-silva,Wagner Silva (100090),https://img.a.transfermarkt.technology/portrait/header/s_100090_8718_2010_1.jpg,Wagner da Silva,1989-09-24,Esteio,Brazil,183.0,Brazil,False,Defender - Centre-Back,Defender,right,123,Retired,2021-01-01,,,,,no agent,,,,,,,,,,,,;;;;;;;
100080,khalid-rkiki,,https://img.a.transfermarkt.technology/portrait/header/default.jpg,خالد رقيقي,1980-10-24,Melun,France,180.0,France  Morocco,True,Midfield,Midfield,,123,Retired,2017-07-01,,,,,,,,,,,,,,,,,;;;;;;;
100081,pascal-garcon,Pascal Garçon (100081),https://img.a.transfermarkt.technology/portrait/header/default.jpg,,1982-03-02,,,0.0,France,True,Attack,Attack,,75,Unknown,2019-07-01,,,,,,,,,,,,,,,,,;;;;;;;
1000987,lorenzo-butera,Lorenzo Butera (1000987),https://img.a.transfermarkt.technology/portrait/header/default.jpg,,2003-02-20,,,0.0,Belgium,True,Midfield,Midfield,,3772,Royal Union Tubize-Braine,2024-07-01,2025-06-30,,,,,,,,,,,,,,,,;;;;;;;
100101,thomas-azevedo,Thomas Azevedo (100101),https://img.a.transfermarkt.technology/portrait/header/100101-1487697132.jpg,Thomas Azevedo Guimarâes,1991-08-31,Peer,Belgium,171.0,Belgium  Portugal,True,Attack - Left Winger,Attack,right,63228,Kadijk SK,2025-07-01,2026-06-30,,,,,,,,,,,,,,,,;;;;;;;
100078,diallo-ekie-mbole,,https://img.a.transfermarkt.technology/portrait/header/default.jpg,,,,,0.0,France,True,Attack,Attack,,515,Without Club,2011-07-01,,,,,,,,,,,,,,,,,;;;;;;;
1001052,owen-green,Owen Green (1001052),https://img.a.transfermarkt.technology/portrait/header/1001052-1684588124.jpg,,1998-09-09,Leicester,United States,178.0,United States  Philippines,False,Defender - Right-Back,Defender,,69398,Chattanooga Red Wolves SC,2024-05-17,2025-11-30,,,7314,FSG USA,,2025-01-25,,,,,,,,,,;;;;;;;
1001098,joao-gomiero,João Gomiero (1001098),https://img.a.transfermarkt.technology/portrait/header/1001098-1684687133.jpg,João Pedro Gomiero da Silva,1997-06-20,São Paulo,Brazil,170.0,Brazil,False,Midfield - Central Midfield,Midfield,,515,Without Club,2024-12-01,,,,8741,XERIC Sports ...,,,,,,,,,,,,;;;;;;;
10010,santi-denia,Santi Denia (10010),https://img.a.transfermarkt.technology/portrait/header/default.jpg,Santiago Denia Sánchez,1974-03-09,Albacete,Spain,180.0,Spain,True,Defender - Centre-Back,Defender,right,123,Retired,2007-07-01,,,,,,,,,,,,,,,,,;;;;;;;
10011,marlon-harewood,Marlon Harewood (10011),https://img.a.transfermarkt.technology/portrait/header/s_10011_762_2009_1.jpg,Marlon Anderson Harewood,1979-08-25,London,England,185.0,England  Barbados,True,Attack - Centre-Forward,Attack,right,123,Retired,2016-07-01,,,,,no agent,,,,,,,,,,,,;;;;;;;
1001055,maxtm,Max (1001055),https://img.a.transfermarkt.technology/portrait/header/default.jpg,Max Nascimento Pereira,2004-01-03,Nova Olinda,Brazil,183.0,Brazil,False,Midfield,Midfield,,114755,Sociedade Desportiva Sparta U20,2024-01-01,,,,,,,,,,,,,,,,,;;;;;;;
1001198,klaudio-slebodnik,Klaudio Slebodnik (1001198),https://img.a.transfermarkt.technology/portrait/header/default.jpg,Klaudio Slebodník,2005-01-06,,,0.0,Slovakia,True,Attack,Attack,,20593,FK Spisska Nova Ves,2025-07-01,,,,,,,,,,,,,,,,,;;;;;;;
100092,leotm,Léo (100092),https://img.a.transfermarkt.technology/portrait/header/s_100092_309_2012_1.jpg,Valério Gomes dos Santos,1990-07-02,Adrianópolis,Brazil,179.0,Brazil,False,Attack - Centre-Forward,Attack,left,123,Retired,2020-01-01,,,,,no agent,,,,,,,,,,,,;;;;;;;
1001235,jilvaro-luyinga,Jilvaro Luyinga (1001235),https://img.a.transfermarkt.technology/portrait/header/1001235-1669154307.jpg,Jilvaro Luyinga Dilundama,2001-11-03,Kinshasa,France,174.0,France  DR Congo,True,Attack - Centre-Forward,Attack,right,26856,FC Chauray,2025-02-04,,,,,,,,,,,,,,,,,;;;;;;;
100122,johnathan,Johnathan (100122),https://img.a.transfermarkt.technology/portrait/header/100122-1563269194.jpg,Johnathan Aparecido da Silva Vilela,1990-03-29,Fernandópolis,Brazil,185.0,Brazil,False,Attack - Centre-Forward,Attack,right,123,Retired,2022-08-02,,,,,no agent,,,,,,,,,,,,;;;;;;;
100129,rafa,Rafa (100129),https://img.a.transfermarkt.technology/portrait/header/100129-1507130929.jpg,Tiago Rafael Freitas Costa,1992-01-27,Vizela,Portugal,177.0,Portugal,True,Defender - Right-Back,Defender,right,34326,CCD Santa Eulália,2021-07-01,2026-06-30,,http://www.facebook.com/tiago.rafael.75098,4177,T.E.A.M.,,,,,,,,,,,,;;;;;;;
100134,domenico-di-dio,Domenico Di Dio (100134),https://img.a.transfermarkt.technology/portrait/header/default.jpg,,1982-05-05,Napoli,Italy,191.0,Italy,True,Goalkeeper,Goalkeeper,,123,Retired,2009-07-01,,,,,,,,,,,,,,,,,;;;;;;;
1001362,max-vartuli,Max Vartuli (1001362),https://img.a.transfermarkt.technology/portrait/header/default.jpg,,2005-01-20,,,192.0,Australia  Italy,True,Goalkeeper,Goalkeeper,left,875,Adelaide United,2024-09-15,2027-06-30,,http://www.instagram.com/vartuli.max/,7486,Cove Agency,,,,,,,,,,,,;;;;;;;
10013,dele-adebola,Dele Adebola (10013),https://img.a.transfermarkt.technology/portrait/header/default.jpg,Bamberdele Olusegun Adebola,1975-06-23,Lagos,Nigeria,191.0,Nigeria,False,Attack - Centre-Forward,Attack,left,123,Retired,2014-07-01,,,,,,,,,,,,,,,,,;;;;;;;
100131,william-carvalho,William Carvalho (100131),https://img.a.transfermarkt.technology/portrait/header/100131-1662113601.jpg,William Silva de Carvalho,1992-04-07,Luanda,Portugal,187.0,Portugal  Angola,True,Midfield - Defensive Midfield,Midfield,right,4035,CF Pachuca,2025-07-25,,,http://instagram.com/wcarvalho14,10158,PCR Sports,,,,,,,,,,,,;;;;;;;
100124,geovane,Geovane (100124),https://img.a.transfermarkt.technology/portrait/header/100124-1674702401.jpg,Geovane Batista de Faria,1989-02-20,Pedregulho,Brazil,179.0,Brazil,False,Midfield - Defensive Midfield,Midfield,right,776,Coritiba Foot Ball Club,2025-01-01,2025-11-30,,http://www.instagram.com/geovanefarias/,,,,,,,,,,,,,,;;;;;;;
100128,joao-amorim,João Amorim (100128),https://img.a.transfermarkt.technology/portrait/header/100128-1579103839.jpg,João Carlos Nogueira Amorim,1992-02-11,Espinho,Portugal,182.0,Portugal,True,Midfield - Central Midfield,Midfield,right,3326,AD Fafe,2024-07-19,2026-06-30,,http://www.instagram.com/joao__amorim/,,no agent,,,,,,,,,,,,;;;;;;;
100127,cristiano-figueiredo,Cristiano Figueiredo (100127),https://img.a.transfermarkt.technology/portrait/header/100127-1551111620.png,Cristiano Pereira Figueiredo,1990-11-29,München,Portugal,195.0,Portugal  Germany,True,Goalkeeper,Goalkeeper,right,1701,FC Felgueiras 1932,2024-08-20,2026-06-30,,,12726,Absolut Football,,,,,,,,,,,,;;;;;;;
100136,abraham-carreno,Abraham Carreño (100136),https://img.a.transfermarkt.technology/portrait/header/100136-1442306372.jpg,Abraham Darío Carreño Rohan,1988-01-13,Monterrey,Mexico,182.0,Mexico,False,Attack - Centre-Forward,Attack,right,123,Retired,,,,http://dariocarreno.linksportsmarketing.com/portada/,,,,,,,,,,,,,,;;;;;;;
1001380,jasper-pattenden,Jasper Pattenden (1001380),https://img.a.transfermarkt.technology/portrait/header/1001380-1745742834.jpg,Jasper Ernest Pattenden,2002-04-15,Worthing,England,173.0,England,True,Defender - Right-Back,Defender,right,3684,Stevenage FC,2025-07-11,,,,,,,,,,,,,,,,,;;;;;;;
1001395,john-mcdowell,John McDowell (1001395),https://img.a.transfermarkt.technology/portrait/header/1001395-1684583145.jpg,,2005-02-12,,,178.0,United States,False,Midfield - Central Midfield,Midfield,right,9777,North Carolina Tar Heels (University of NC),2023-08-01,,,,,,,,,,,,,,,,,;;;;;;;
1001394,nicolas-rincon,Nicolás Rincón (1001394),https://img.a.transfermarkt.technology/portrait/header/1001394-1684583669.jpg,,2005-11-25,Bogota,Colombia,175.0,Colombia,False,Midfield - Attacking Midfield,Midfield,left,95333,Columbus Crew 2,2024-01-26,2025-12-31,,,6271,Mega Sports,,,,,,,,,,,,;;;;;;;
1001393,diogo-cristina,Diogo Cristina (1001393),https://img.a.transfermarkt.technology/portrait/header/default.jpg,Diogo Campina Cristina,2004-10-31,Faro,Portugal,172.0,Portugal,True,Attack - Left Winger,Attack,right,38968,Internacional Clube de Almancil,2025-07-01,2026-06-30,,,,,,,,,,,,,,,,;;;;;;;
1001392,hugo-aubourg,Hugo Aubourg (1001392),https://img.a.transfermarkt.technology/portrait/header/default.jpg,Hugo Alain Bernard Aubourg,2003-02-03,,,0.0,France  Portugal,True,Defender - Centre-Back,Defender,right,17442,Football Club Fleury 91,2025-07-01,,,,5425,Future Football ...,,,,,,,,,,,,;;;;;;;
1001491,oscar-cantarero,Óscar Cantarero (1001491),https://img.a.transfermarkt.technology/portrait/header/1001491-1701458702.png,Óscar Cantarero Ramiro,2003-03-24,Córdoba,Spain,175.0,Spain,True,Attack - Left Winger,Attack,right,47486,CD Quintanar del Rey,2025-07-08,2026-06-30,,,7271,Paquito Terry,,,,,,,,,,,,;;;;;;;
100147,miguel-sanchez-rincon,Miguel Sánchez-Rincón (100147),https://img.a.transfermarkt.technology/portrait/header/default.jpg,Miguel Sánchez-Rincón,1988-08-01,Morelia,Mexico,182.0,Mexico,False,Defender,Defender,,515,Without Club,2020-12-01,,,,,no agent,,,,,,,,,,,,;;;;;;;
100149,elio-castro,Elio Castro (100149),https://img.a.transfermarkt.technology/portrait/header/100149-1564641959.jpg,Elio Castro Guadarrama,1988-07-26,San Juan Bautista Tuxtepec,Mexico,185.0,Mexico,False,Defender - Centre-Back,Defender,right,75,Unknown,2023-07-01,,,,,,,,,,,,,,,,,;;;;;;;
1001531,gilberto-flores,Gilberto Flores (1001531),https://img.a.transfermarkt.technology/portrait/header/1001531-1741200661.jpg,Gilberto Ivan Flores Melgarejo,2003-04-01,Asunción,Paraguay,180.0,Paraguay,False,Defender - Centre-Back,Defender,right,51772,FC Cincinnati,2025-01-31,2027-12-31,,,5525,La Squadra Sports,club option 2 years,,,,,,,,,,,;;;;;;;
"1001514,grayson-dupont,Grayson Dupont (1001514),https://img.a.transfermarkt.technology/portrait/header/1001514-1720298105.jpg,,1998-01-16,""Birmingham, Alabama"",United States,173.0,United States,False,Midfield,Midfield,,515,Without Club,2024-12-01,,,,,,,,,,,,,,,,,";;;;;;;
"1001517,alan-carleton,Alan Carleton (1001517),https://img.a.transfermarkt.technology/portrait/header/default.jpg,,2005-03-20,""Powder Springs, Georgia"",United States,172.0,United States,False,Midfield - Central Midfield,Midfield,right,103649,Huntsville City FC,2025-01-01,2025-12-31,,,7782,Global Elite Sports ...,,,,,,,,,,,,";;;;;;;
1001411,exauce-pedro,Exaucé Pedro (1001411),https://img.a.transfermarkt.technology/portrait/header/default.jpg,Tychique Exaucé Pedro,2002-07-17,,,0.0,Netherlands  Belgium,True,Midfield,Midfield,right,66494,KVV Zwaluwen Olmen,2024-07-01,2025-06-30,,,,,,,,,,,,,,,,;;;;;;;
100143,danilo-sperduti,Danilo Sperduti (100143),https://img.a.transfermarkt.technology/portrait/header/default.jpg,,1990-01-13,Sezze,Italy,183.0,Italy,True,Goalkeeper,Goalkeeper,right,123,Retired,,,,,,,,,,,,,,,,,,;;;;;;;
1001523,drew-hartman,Drew Hartman (1001523),https://img.a.transfermarkt.technology/portrait/header/1001523-1677923894.jpg,,2005-06-26,,,188.0,United States,False,Goalkeeper,Goalkeeper,,594,Portland Pilots (University of Portland),2023-08-01,,,,,,,,,,,,,,,,,;;;;;;;
1001546,jerome-kortebusch,Jerome Kortebusch (1001546),https://img.a.transfermarkt.technology/portrait/header/1001546-1696593670.png,,2006-04-24,Berlin,Germany,175.0,Germany  Nigeria,True,Defender - Right-Back,Defender,right,4700,BFC Preussen,2025-07-01,2026-06-30,,,8406,BS SPORTS,,,,,,,,,,,,;;;;;;;
1001652,afonso-pinto,Afonso Pinto (1001652),https://img.a.transfermarkt.technology/portrait/header/1001652-1683728184.png,Afonso Fernandes de Oliveira Pinto,2004-04-15,Oeiras,Portugal,194.0,Portugal,True,Defender - Centre-Back,Defender,right,68608,CF Os Belenenses,2024-07-04,2027-06-30,,,8873,YES SPORTS,,,,,,,,,,,,;;;;;;;
1001581,ilan-bacha,Ilan Bacha (1001581),https://img.a.transfermarkt.technology/portrait/header/1001581-1755524099.jpg,,2005-03-05,Saumur,France,188.0,France  Algeria,True,Midfield - Defensive Midfield,Midfield,right,20518,US Chantilly,2025-07-31,,,,8147,240 Sport,,,,,,,,,,,,;;;;;;;
1001578,dean-vranici,Dean Vranici (1001578),https://img.a.transfermarkt.technology/portrait/header/default.jpg,,2006-01-02,Merano/Meran,Albania,0.0,Albania  Italy,True,Midfield - Attacking Midfield,Midfield,right,5243,Parma Primavera,2023-07-01,,,,3733,GR Sports,,,,,,,,,,,,;;;;;;;
1001686,arthur,Arthur (1001686),https://img.a.transfermarkt.technology/portrait/header/1001686-1723916915.png,Arthur Garcia da Motta,2001-08-08,São Paulo,Brazil,190.0,Brazil  Portugal,True,Goalkeeper,Goalkeeper,right,6764,Beroe Stara Zagora,2024-01-20,2026-06-30,,,11569,SM Football,,,,,,,,,,,,;;;;;;;
1001785,yvan-ikia-dimi,Yvan Ikia Dimi (1001785),https://img.a.transfermarkt.technology/portrait/header/default.jpg,,2004-09-26,Villeneuve-Saint-Georges,France,175.0,France  Congo,True,Attack - Right Winger,Attack,,1416,Amiens SC,2024-07-05,2027-06-30,,,1,ROGON,,,,,,,,,,,,;;;;;;;
1001685,luigi-corso,Luigi Corso (1001685),https://img.a.transfermarkt.technology/portrait/header/default.jpg,Luigi Antônio Torres Corso,1999-09-13,,,184.0,Brazil,False,Midfield - Central Midfield,Midfield,right,4176,Volta Redonda Futebol Clube (RJ),2024-05-02,,,,,,,,,,,,,,,,,;;;;;;;
1001788,ibrahim-fofana,Ibrahim Fofana (1001788),https://img.a.transfermarkt.technology/portrait/header/default.jpg,Ibrahim Cheick Junior Fofana,2003-10-02,Divo,Cote d'Ivoire,178.0,Cote d'Ivoire,False,Midfield - Defensive Midfield,Midfield,right,1416,Amiens SC,2022-07-01,2026-06-30,,,5024,ESN,,2023-06-30,,,,,,,,,,;;;;;;;
"1001790,dallas-odle,Dallas Odle (1001790),https://img.a.transfermarkt.technology/portrait/header/1001790-1679093459.jpg,,2001-08-05,""Manhattan, Kansas"",United States,183.0,United States,False,Goalkeeper,Goalkeeper,,87631,Monterey Bay FC,2025-03-03,2025-11-30,,,4076,Prodigy Players,,,,,,,,,,,,";;;;;;;
1001787,mactar-tine,Mactar Tine (1001787),https://img.a.transfermarkt.technology/portrait/header/default.jpg,,2002-01-01,,,178.0,Senegal,False,Midfield - Central Midfield,Midfield,,1416,Amiens SC,2024-07-01,,,,,,,,,,,,,,,,,;;;;;;;
1001786,siriky-diabate,Siriky Diabaté (1001786),https://img.a.transfermarkt.technology/portrait/header/1001786-1712517033.png,,2002-10-06,Gnakoragui,Cote d'Ivoire,192.0,Cote d'Ivoire,False,Defender - Centre-Back,Defender,left,34232,Muaither SC,2025-07-01,,,,13605,XproElite,,,,,,,,,,,,;;;;;;;
100176,gianmarco-zigoni,Gianmarco Zigoni (100176),https://img.a.transfermarkt.technology/portrait/header/100176-1630657363.jpg,,1991-05-10,Verona,Italy,188.0,Italy,True,Attack - Centre-Forward,Attack,right,515,Without Club,2025-07-01,,,http://www.instagram.com/g_zigo_17/,348,PDP s.r.l. ...,,,,,,,,,,,,;;;;;;;
1001784,anis-ouchouache,Anis Ouchouache (1001784),https://img.a.transfermarkt.technology/portrait/header/default.jpg,,2004-03-02,,,187.0,France  Algeria,True,Defender - Centre-Back,Defender,,515,Without Club,2024-07-01,,,,,,,,,,,,,,,,,;;;;;;;
1001791,matteo-mascarin,Matteo Mascarin (1001791),https://img.a.transfermarkt.technology/portrait/header/default.jpg,,2005-01-09,,,0.0,Italy,True,Defender,Defender,,60346,ASD Comunale Fiume V. Bannia,2024-11-25,,,,,,,,,,,,,,,,,;;;;;;;
1001797,lassana-diabate,Lassana Diabaté (1001797),https://img.a.transfermarkt.technology/portrait/header/1001797-1700574418.jpg,,2003-08-21,Créteil,France,183.0,France  Mali,True,Goalkeeper,Goalkeeper,right,40,FC Girondins Bordeaux,2024-08-28,,,,10461,EVEREST Corp.,,,,,,,,,,,,;;;;;;;
1001799,valdir-fonseca,Valdir Fonseca (1001799),https://img.a.transfermarkt.technology/portrait/header/default.jpg,,2003-03-08,Paris,France,184.0,France  Cape Verde,True,Attack - Left Winger,Attack,right,10838,SAS Epinal,2024-08-06,2026-06-30,,http://www.facebook.com/Valdir.Alex.Iwobi.17/,2496,Sport Avenir ...,,2025-07-06,,,,,,,,,,;;;;;;;
